T,R0,R1,R2,R3,R4,R5,R6,phi1,phi2,phi3,phi4,phi5,phi6
12,1222,74513,20672,2097,1503,1090,927,0,-2.885997562,-0.850999281,2.250998099,-0.157999867,-0.080999932
12,0,60000,15000,0,0,0,0,0,0,-3.14159,-3.14159,-3.14159,-3.14159
12,1000,75000,20000,2000,2000,2000,2000,0,-1.5,0,0,0,0
12,2000,90000,25000,4000,4000,4000,4000,0,-3.14159,3.15159,3.15159,3.15159,3.15159
