T,R0,R1,R2,R3,R4,R5,R6,phi1,phi2,phi3,phi4,phi5,phi6
6,5815,161154,94452,9183,5751,2710,1849,0,-2.71199771,-0.716999394,2.692997726,0.635999462,0.20199983
6,300,35000,20000,0,0,0,0,0,0,-3.14159,-3.14159,-3.14159,-3.14159
6,600,50000,30000,4000,4000,4000,4000,0,-1.5,0,0,0,0
6,1200,65000,45000,9000,9000,9000,9000,0,-3.14159,3.15159,3.15159,3.15159,3.15159
