T,R0,R1,R2,R3,R4,R5,R6,phi1,phi2,phi3,phi4,phi5,phi6
9,6836,269586,99151,13806,7752,3302,2408,0,-2.174998163,0.539999544,-2.512997877,-0.040999965,1.439998784
9,4000,240000,80000,5000,0,0,0,0,0,-3.14159,-3.14159,-3.14159,-3.14159
9,7000,270000,100000,15000,7500,4000,3000,0,-1.5,0,0,0,0
9,10000,300000,120000,30000,15000,8000,6000,0,-3.14159,3.15159,3.15159,3.15159,3.15159
