T,R0,R1,R2,R3,R4,R5,R6,phi1,phi2,phi3,phi4,phi5,phi6
6,146.582,23720.466,16237.387,1074.578,1576.051,2463.733,3111.458,0,-3.014,-0.954,0.698,0.228,1.227
6,50,20000,12000,0,0,0,0,0,0,-3.14159,-3.14159,-3.14159,-3.14159
6,125,25000,15000,2000,2000,2000,2000,0,-1.5,0,0,0,0
6,250,30000,18000,4000,4000,4000,4000,0,-3.14159,3.15159,3.15159,3.15159,3.15159
