T,R0,R1,R2,R3,R4,R5,R6,phi1,phi2,phi3,phi4,phi5,phi6
9,144,47891,10164,594,1047,895,824,0,-2.480997904,-0.453999617,1.543998696,-0.494999582,0.032999972
9,50,35000,5000,0,0,0,0,0,0,-3.14159,-3.14159,-3.14159,-3.14159
9,125,50000,10000,2000,2000,2000,2000,0,-1.5,0,0,0,0
9,250,65000,15000,4000,4000,4000,4000,0,-3.14159,3.15159,3.15159,3.15159,3.15159
