T,R0,R1,R2,R3,R4,R5,R6,phi1,phi2,phi3,phi4,phi5,phi6
12,8799,233138,88162,16202,10195,3428,1636,0,-2.653997758,0.089999924,-3.104997377,-0.791999331,0.947999199
12,6000,210000,70000,5000,0,0,0,0,0,-3.14159,-3.14159,-3.14159,-3.14159
12,9000,235000,90000,15000,10000,3000,3000,0,-1.5,0,0,0,0
12,12000,260000,110000,25000,20000,6000,6000,0,-3.14159,3.15159,3.15159,3.15159,3.15159
