T,R0,R1,R2,R3,R4,R5,R6,phi1,phi2,phi3,phi4,phi5,phi6
9,3805,230652,86657,11917,5945,4233,1781,0,-2.129998201,0.846999285,-2.636997773,-0.03499997,0.972999178
9,0,210000,70000,0,0,0,0,0,0,-3.14159,-3.14159,-3.14159,-3.14159
9,4000,230000,85000,10000,5000,5000,5000,0,-1.5,0,0,0,0
9,8000,250000,100000,20000,10000,10000,10000,0,-3.14159,3.15159,3.15159,3.15159,3.15159
