T,R0,R1,R2,R3,R4,R5,R6,phi1,phi2,phi3,phi4,phi5,phi6
12,133,23562,5590,549,501,796,664,0,-3.055693146,-1.289089197,1.124567307,-1.09045911,-0.349107424
12,0,20000,2000,0,0,0,0,0,0,-3.14159,-3.14159,-3.14159,-3.14159
12,500,25000,5000,2000,2000,2000,2000,0,-1.5,0,0,0,0
12,1000,30000,10000,4000,4000,4000,4000,0,-3.14159,3.15159,3.15159,3.15159,3.15159
