T,R0,R1,R2,R3,R4,R5,R6,phi1,phi2,phi3,phi4,phi5,phi6
6,2718,99339,62110,4278,2438,889,582,0,-2.783,-1.215,2.455,0.973,-0.03
6,1500,85000,43000,0,0,0,0,0,0,-3.14159,-3.14159,-3.14159,-3.14159
6,3000,100000,60000,5000,5000,5000,5000,0,-1.5,0,0,0,0
6,4500,115000,80000,10000,10000,10000,10000,0,-3.14159,3.15159,3.15159,3.15159,3.15159
