T,R0,R1,R2,R3,R4,R5,R6,phi1,phi2,phi3,phi4,phi5,phi6
9,1686,158352,51763,4879,2429,2369,818,0,-2.175998162,0.552999533,-2.535997858,-0.172999854,1.141999035
9,0,140000,40000,0,0,0,0,0,0,-3.14159,-3.14159,-3.14159,-3.14159
9,1500,160000,50000,5000,5000,5000,5000,0,-1.5,0,0,0,0
9,3000,180000,60000,10000,10000,10000,10000,0,-3.14159,3.15159,3.15159,3.15159,3.15159
