T,R0,R1,R2,R3,R4,R5,R6,phi1,phi2,phi3,phi4,phi5,phi6
12,4781,161845,56048,8682,5805,1607,1676,0,-2.791997642,-0.412999651,2.782997649,-0.876999259,0.65099945
12,2000,140000,40000,0,0,0,0,0,0,-3.14159,-3.14159,-3.14159,-3.14159
12,5000,160000,55000,10000,5000,2000,2000,0,-1.5,0,0,0,0
12,8000,180000,70000,20000,10000,4000,4000,0,-3.14159,3.15159,3.15159,3.15159,3.15159
