T,R0,R1,R2,R3,R4,R5,R6,phi1,phi2,phi3,phi4,phi5,phi6
6,7814,194222,116036,12630,7564,2372,2799,0,-2.645997765,-0.40199966,2.641997768,-1.093999076,0.34299971
6,8000,195000,115000,0,0,0,0,0,0,-3.14159,-3.14159,-3.14159,-3.14159
6,12000,165000,95000,10000,10000,10000,10000,0,-1.5,0,0,0,0
6,4000,225000,135000,20000,20000,20000,20000,0,-3.14159,3.15159,3.15159,3.15159,3.15159
