T,R0,R1,R2,R3,R4,R5,R6,phi1,phi2,phi3,phi4,phi5,phi6
9,601,84172,20520,1307,1010,1191,1334,0,-2.204998138,0.059999949,-1.809998471,0.395999666,1.052999111
9,50,35000,5000,0,0,0,0,0,0,-3.14159,-3.14159,-3.14159,-3.14159
9,125,50000,10000,2000,2000,2000,2000,0,-1.5,0,0,0,0
9,250,65000,15000,4000,4000,4000,4000,0,-3.14159,3.15159,3.15159,3.15159,3.15159
