T,R0,R1,R2,R3,R4,R5,R6,phi1,phi2,phi3,phi4,phi5,phi6
12,511,49070,14841,1731,1008,2256,2245,0,-2.937997518,-0.071999939,1.296998904,-2.163998172,0.820999307
12,0,44000,12000,0,0,0,0,0,0,-3.14159,-3.14159,-3.14159,-3.14159
12,500,50000,15000,2000,2000,2000,2000,0,-1.5,0,0,0,0
12,1200,56000,18000,4000,4000,4000,4000,0,-3.14159,3.15159,3.15159,3.15159,3.15159
