T,R0,R1,R2,R3,R4,R5,R6,phi1,phi2,phi3,phi4,phi5,phi6
12,6638,199458,75492,12702,7361,3094,1992,0,-2.707997713,0.010999991,2.644997766,-1.101999069,0.714999396
12,4000,180000,60000,5000,0,0,0,0,0,-3.14159,-3.14159,-3.14159,-3.14159
12,6500,200000,75000,13000,7500,3000,3000,0,-1.5,0,0,0,0
12,9000,220000,90000,20000,15000,6000,6000,0,-3.14159,3.15159,3.15159,3.15159,3.15159
