T,R0,R1,R2,R3,R4,R5,R6,phi1,phi2,phi3,phi4,phi5,phi6
9,2956,191360,64989,7454,4185,1533,1985,0,-2.113998214,0.605999488,-2.451997929,-0.111999905,1.285998914
9,1000,170000,50000,0,0,0,0,0,0,-3.14159,-3.14159,-3.14159,-3.14159
9,3000,190000,65000,7500,5000,5000,5000,0,-1.5,0,0,0,0
9,5000,210000,80000,15000,10000,10000,10000,0,-3.14159,3.15159,3.15159,3.15159,3.15159
