T,R0,R1,R2,R3,R4,R5,R6,phi1,phi2,phi3,phi4,phi5,phi6
6,604,47906,32388,1587,1477,1392,1565,0,-2.913,-1.196,1.359,0.01,-0.032
6,300,35000,20000,0,0,0,0,0,0,-3.14159,-3.14159,-3.14159,-3.14159
6,600,50000,30000,4000,4000,4000,4000,0,-1.5,0,0,0,0
6,1200,65000,45000,9000,9000,9000,9000,0,-3.14159,3.15159,3.15159,3.15159,3.15159
