T,R0,R1,R2,R3,R4,R5,R6,phi1,phi2,phi3,phi4,phi5,phi6
6,1316,73278,48624,2392,1521,1504,2652,0,-2.815,-0.965,1.768,0.396,0.047
6,600,60000,35000,0,0,0,0,0,0,-3.14159,-3.14159,-3.14159,-3.14159
6,1200,75000,50000,4000,4000,4000,4000,0,-1.5,0,0,0,0
6,1800,95000,65000,9000,9000,9000,9000,0,-3.14159,3.15159,3.15159,3.15159,3.15159
