T,R0,R1,R2,R3,R4,R5,R6,phi1,phi2,phi3,phi4,phi5,phi6
12,3141,133242,54142,9342,4306,4662,809,0,-2.704997715,0.327999723,2.146998187,-1.429998792,-2.255998094
12,1000,110000,40000,0,0,0,0,0,0,-3.14159,-3.14159,-3.14159,-3.14159
12,3000,130000,55000,10000,5000,5000,2000,0,-1.5,0,0,0,0
12,6000,150000,70000,20000,10000,10000,4000,0,-3.14159,3.15159,3.15159,3.15159,3.15159
