T,R0,R1,R2,R3,R4,R5,R6,phi1,phi2,phi3,phi4,phi5,phi6
6,4547,130840,77818,6659,3970,2360,2237,0,-2.769,-1.07,2.59,1.025,0.148
6,2500,100000,60000,0,0,0,0,0,0,-3.14159,-3.14159,-3.14159,-3.14159
6,4000,130000,75000,10000,10000,10000,10000,0,-1.5,0,0,0,0
6,6000,160000,95000,20000,20000,20000,20000,0,-3.14159,3.15159,3.15159,3.15159,3.15159
