T,R0,R1,R2,R3,R4,R5,R6,phi1,phi2,phi3,phi4,phi5,phi6
6,10190,225559,133236,16238,9909,3158,4275,0,-2.587997814,-0.294999751,2.794997639,-1.016999141,0.66299944
6,5000,200000,110000,0,0,0,0,0,0,-3.14159,-3.14159,-3.14159,-3.14159
6,10000,225000,130000,15000,10000,4000,4000,0,-1.5,0,0,0,0
6,15000,250000,150000,30000,20000,9000,9000,0,-3.14159,3.15159,3.15159,3.15159,3.15159
