T,R0,R1,R2,R3,R4,R5,R6,phi1,phi2,phi3,phi4,phi5,phi6
9,0,389845,822,25644,1520,3497,1952,0,-0.906999234,0.320999729,0.86399927,-1.584998661,1.470998757
9,0,40000,0,0,0,0,0,0,-3.14159,-3.14159,-3.14159,-3.14159,-3.14159
9,0,60000,2000,2000,2000,2000,2000,0,0,0,0,0,0
9,0,80000,4000,4000,4000,4000,4000,0,3.15159,3.15159,3.15159,3.15159,3.15159
