T,R0,R1,R2,R3,R4,R5,R6,phi1,phi2,phi3,phi4,phi5,phi6
9,8323,308193,116434,18290,10340,3299,3497,0,-2.160998175,0.599999493,-2.442997936,0.015999986,1.79899848
9,4000,270000,90000,10000,0,0,0,0,0,-3.14159,-3.14159,-3.14159,-3.14159
9,8000,300000,115000,20000,10000,4000,4000,0,-1.5,0,0,0,0
9,12000,330000,130000,30000,20000,8000,8000,0,-3.14159,3.15159,3.15159,3.15159,3.15159
