T,R0,R1,R2,R3,R4,R5,R6,phi1,phi2,phi3,phi4,phi5,phi6
9,1358,119510,36357,3753,1274,1669,1118,0,-2.102998224,0.91199923,-2.253998096,-0.154999869,0.515999564
9,0,100000,25000,0,0,0,0,0,0,-3.14159,-3.14159,-3.14159,-3.14159
9,1500,120000,35000,4000,4000,4000,4000,0,-1.5,0,0,0,0
9,3000,140000,45000,8000,8000,8000,8000,0,-3.14159,3.15159,3.15159,3.15159,3.15159
