R(rpm),V(m/s)
-50,-0.16756504383940932
-100,-0.3601285417285417
-150,-0.5493211503894548
-200,-0.7639973497091144
-250,-1.0022579981350144
-300,-1.2351097226641417
-350,-1.4073936126451614
-400,-1.647600001231161
-450,-1.873482621443737
-500,-2.1292429935452035
50,0.15974928756476683
100,0.35939904173106646
150,0.5519334529395529
200,0.767102383531961
250,1.0099116293289452
300,1.2631582791860825
350,1.4137488794669897
400,1.6638125839513678
450,1.8925843726779659
500,2.136075440097501
